<?xml version="1.0" encoding="UTF-8"?>
<applications xmlns:p="http://www.w3schools.com" xmlns:xsi="http://www.w3.org/2001/XMLSchema-instance" xsi:schemaLocation="http://www.w3schools.com ServiceConnect.xsd ">
  	<application>
  		<applicationname>Spotify</applicationname>
  		<applicationicon></applicationicon>
  		<commands>
			<command>
				<commandname>PlayPause</commandname>
				<commandvalue>"E:\My Documents\Rainmeter\Skins\Spotify_Example\spotifyctrl.exe" /playpause</commandvalue>
			</command>
			<command>
				<commandname>Previous</commandname>
				<commandvalue>"E:\My Documents\Rainmeter\Skins\Spotify_Example\spotifyctrl.exe" /prev</commandvalue>
			</command>
			<command>
				<commandname>Next</commandname>
				<commandvalue>"E:\My Documents\Rainmeter\Skins\Spotify_Example\spotifyctrl.exe" /next</commandvalue>
			</command>
			<command>
				<commandname>Stop</commandname>
				<commandvalue>"E:\My Documents\Rainmeter\Skins\Spotify_Example\spotifyctrl.exe" /stop</commandvalue>
			</command>
			<command>
				<commandname>VolumeUp</commandname>
				<commandvalue>"E:\My Documents\Rainmeter\Skins\Spotify_Example\spotifyctrl.exe" /volumeup</commandvalue>
			</command>
			<command>
				<commandname>VolumeDown</commandname>
				<commandvalue>"E:\My Documents\Rainmeter\Skins\Spotify_Example\spotifyctrl.exe" /volumedown</commandvalue>
			</command> 
  		</commands>
	</application>
	<application>
  		<applicationname>Test</applicationname>
  		<applicationicon></applicationicon>
  		<commands>
			<command>
				<commandname>Help</commandname>
				<commandvalue>help</commandvalue>
			</command>
  		</commands>
	</application>
</applications>
